{"stats":{"minecraft:used":{"minecraft:birch_door":2,"minecraft:dark_oak_planks":27,"minecraft:glowstone":12,"minecraft:black_wool":757,"minecraft:dirt":12,"minecraft:acacia_sign":1,"minecraft:mangrove_stairs":46,"minecraft:command_block":11,"minecraft:iron_trapdoor":12,"minecraft:red_wool":87,"minecraft:birch_planks":7,"minecraft:grass_block":2,"minecraft:painting":83,"minecraft:acacia_button":7,"minecraft:white_concrete":20,"minecraft:mangrove_sign":28,"minecraft:stripped_birch_wood":64,"minecraft:dark_oak_door":4,"minecraft:birch_stairs":2},"minecraft:picked_up":{"minecraft:birch_door":1,"minecraft:painting":68,"minecraft:acacia_button":1},"minecraft:dropped":{"minecraft:painting":1},"minecraft:custom":{"minecraft:time_since_rest":85112,"minecraft:crouch_one_cm":768,"minecraft:sprint_one_cm":1148,"minecraft:play_time":85112,"minecraft:walk_one_cm":130772,"minecraft:sneak_time":672,"minecraft:drop":1,"minecraft:jump":44,"minecraft:leave_game":23,"minecraft:time_since_death":85112,"minecraft:total_world_time":110987,"minecraft:fly_one_cm":62270}},"DataVersion":3337}